species_id,sampling_effort,relative_prevalence
0,22.776520918532725,0.21801661628300062
1,17.599933730221583,0.663653018588982
2,38.1079396597929,0.20982199805580348
3,22.306990778252306,0.39684265151939624
4,11.755610627534136,0.3258861949464129
5,28.835147861706314,0.2464836490875102
6,73.99518659907451,0.7751144234184928
7,51.78398663382807,0.3038138272136174
8,9.936996024642148,0.9146551523255316
9,5.666539018310836,0.18872080860046891
10,10.7695804767612,0.8949361088360288
11,20.932981542018478,0.15348855289675456
12,1.9639725344943901,0.29594452657589165
13,16.13850991465046,0.9837029416064158
14,5.778181725018981,0.04731794038949255
15,9.657479040719883,0.8382944902559409
16,11.655066954145985,0.1636833948346328
17,14.639155810170331,0.5190957467905465
18,30.31463309524141,0.9581999799237879
19,56.969348036223344,0.11892989568066403
20,17.662881320629126,0.37690351180002635
21,78.76458528696425,0.5081799643797116
22,10.327449253109275,0.6522325136291333
23,28.54580728333438,0.33623810195298665
24,49.57418237846036,0.24874676748009694
25,22.065433692705675,0.9078203088214287
26,9.54961415106137,0.008068107915057965
27,7.990670101165821,0.9812231685569505
28,12.70853956677023,0.14930397248331428
29,25.03300423147731,0.2310301668342275
30,7.318327486834016,0.7316312352046624
31,16.29444781806362,0.7530611951948528
32,17.129035227018175,0.5130191102867431
33,34.49607621552161,0.02154749461735672
34,24.894804386120114,0.22266032452771278
35,28.6562826561992,0.2079863453812555
36,10.44550132579197,0.8923172906395322
37,17.643833866016852,0.45883471987744406
38,43.990577799278434,0.7674430515709446
39,89.42775970484976,0.9062356278005628
40,5.702669895513611,0.3931510270623203
41,91.27927607809956,0.9238844141325961
42,77.15955523134883,0.6804144312524434
43,43.87353981666758,0.604859934776749
44,26.165863210805586,0.45068128950363906
45,14.673999488930555,0.4421114973707443
46,86.31649224979014,0.3239866143658905
47,142.63063497799763,0.2789035146145268
48,121.70923371377661,0.48514431097777966
49,74.82138686248442,0.4076604927390114
50,28.71387371476917,0.2623171760632541
51,5.999531409237703,0.07372605981494151
52,19.996272213971405,0.9732692900650494
53,38.724595278364966,0.5727314561615166
54,5.538028307568626,0.335967016763969
55,29.818292879076388,0.8403078146120643
56,30.872434390215215,0.4870476851626736
57,40.287559497482555,0.8358466860149937
58,6.146495200307909,0.16476661089780598
59,10.3635767974068,0.14559734006768144
60,12.982012595733215,0.23526156170263923
61,6.235121665335203,0.8602274555677152
62,114.36188806213553,0.7646201305730171
63,12.23241348444151,0.32804084674257716
64,27.909569684480445,0.9335354233655815
65,15.509107849166313,0.8603542064177171
66,97.85363861599009,0.38808052925555103
67,75.21577531510525,0.5998572323747073
68,37.839465651557305,0.9848328040306227
69,2.21774323794594,0.7062988328752062
70,21.158230405427755,0.19774057094293784
71,39.7928079336486,0.5986301695147362
72,54.814873745614655,0.8912510757122825
73,10.827540724315341,0.5323273489747063
74,124.2146805411126,0.46737549790927657
75,5.363244075608377,0.7453939905468852
76,10.365385919943098,0.45404422794919563
77,51.16470751996636,0.6331435645342001
78,21.09539170084945,0.007026813564760759
79,148.76867513110918,0.7628109812835009
80,24.252487574457053,0.9610293105416994
81,10.663278358814198,0.8452218296953826
82,13.769231407957495,0.8167113896323054
83,6.745353398161385,0.47358766608220837
84,5.597498679676517,0.7353595166075823
85,37.72833828635651,0.4891591034454307
86,35.915387053947775,0.11354244797895374
87,73.29986883332323,0.033535288949166686
88,9.444137784401784,0.3481959769162324
89,108.7560665133442,0.8366304577280097
90,15.068587699044423,0.4701650052633163
91,96.97064257656196,0.11102368562823584
92,13.0294757052473,0.033555299416283435
93,9.626471076939946,0.5278584449570645
94,25.78480517071343,0.24840914690106253
95,56.34272255099258,0.6387182191618228
96,23.594404270036037,0.29572872041511367
97,11.183854501414618,0.44359375037734816
98,5.252899899531026,0.1413904580667783
99,4.945508471079101,0.40582154417959104
100,33.20441502875585,0.5686287274817549
101,54.039379634834155,0.5304712628616216
102,17.042417908518715,0.10217302601690226
103,6.859504040160829,0.8600405275554288
104,48.08845620748245,0.7138786034477888
105,5.582328902085565,0.14883130948880796
106,9.844686863584709,0.11025265113634064
107,37.37559134554621,0.17336420624808002
108,2.116701173247808,0.4102431929572202
109,29.55844818466953,0.2448316181874698
110,11.227421830046717,0.22865106826061043
111,22.404900280937564,0.6276481524354312
112,18.62115823596325,0.1194091305621433
113,24.584456534423598,0.21301015446904314
114,40.2122605007679,0.9144493969038116
115,9.408657246506245,0.11769803576672733
116,83.17792784541386,0.2227733959514211
117,41.5166183374622,0.9084952765991617
118,46.69946284233634,0.7810633599451495
119,64.38392441798048,0.4482685710560146
120,44.149792259546736,0.9695473688968136
121,46.71562450588184,0.3269282394063592
122,21.662737329176444,0.5937047564519918
123,4.822180197896622,0.2033673355469099
124,17.54826175948474,0.45922898288507086
125,9.304380956421891,0.24530361742822515
126,4.841662877651091,0.7207618290479699
127,26.00926422528469,0.1842023311080182
128,11.375370615087006,0.8860008916890204
129,7.172078937228201,0.8969396419899271
130,7.078053354201635,0.7685603961061744
131,26.269723536275965,0.8859314778914571
132,28.750982747196815,0.30238372832212845
133,75.37362929694444,0.051789884539872655
134,19.807988807962623,0.9083141925527348
135,56.93098582263825,0.576870547025274
136,81.63554982944599,0.043945430290197485
137,63.44450813190683,0.7759383489336007
138,1.8864487507180947,0.32151504877164494
139,68.6268405042024,0.9520073955698587
140,28.208405707104514,0.9846149766496523
141,30.68492074112439,0.6026409664346928
142,29.114240470806685,0.9078380945069285
143,29.45186277650956,0.35704315537784104
144,27.644152430078503,0.27465348947949964
145,14.028439913523032,0.7301720233504028
146,2.9992573308091157,0.5588547085017032
147,18.012847838547945,0.02469721686522497
148,8.9913962823528,0.34872898139011066
149,59.15513575095806,0.008636209165301167
150,15.047825474396758,0.30905108318694563
151,21.83415214527728,0.4676895777090083
152,8.588241879044263,0.36195165947459573
153,12.053770699433462,0.5241434438238848
154,19.855219870130476,0.02947543868916236
155,4.547714575786182,0.9489151320167019
156,27.13122054168719,0.2111101187204838
157,18.064121736324445,0.08412346430196604
158,6.136657390598126,0.6060581486104437
159,1.8253415762727745,0.6710470741424237
160,33.550512327932445,0.3208782511090035
161,14.915724037760093,0.9154554600966737
162,11.82234738724024,0.154527997273451
163,15.860716157662592,0.1720032032281965
164,123.52899932858712,0.8436339490418474
165,19.109756782618785,0.44913365997283206
166,21.90290470565304,0.5597829593066047
167,4.540000536951939,0.7677895302852475
168,104.30706180269429,0.4755177114639767
169,50.27399691242691,0.8904573390303999
170,58.377752505457046,0.22390208394699507
171,21.06626047843092,0.48954517024207256
172,50.232126334281205,0.1699060052640694
173,29.10607266622565,0.23792900015891083
174,37.08412861177261,0.6133887424201363
175,17.24991199269688,0.6019984387713697
176,4.600256450078044,0.3813078882621621
177,56.19649271822308,0.009152080302616938
178,2.9009560741187848,0.4483226085800276
179,15.800843564121077,0.26972137370945304
180,16.370443963977298,0.9952797535879743
181,7.079050998881458,0.5784604834977765
182,37.08168330849849,0.885679012265012
183,16.43922584156993,0.6912523197042427
184,12.976391583045261,0.09142453216616109
185,33.77908185849779,0.49069573432734626
186,12.471187197387577,0.9497064823629617
187,80.55820566102307,0.5313641361254197
188,28.54423748106552,0.14138544428161337
189,12.499229634455812,0.7624793424273595
190,2.8740869006055796,0.7780073936150816
191,5.43167090052993,0.7345368403244252
192,59.55086282423877,0.6607172609758833
193,19.094416011482785,0.8508870829375965
194,15.132956789529205,0.43031875012027543
195,103.8815818393574,0.3403270425372228
196,5.5697532655320465,0.8956115976990034
197,11.182412148766272,0.08575609245631044
198,12.521063713955568,0.9691118670620643
199,36.10160346015753,0.17840618099979666
200,10.344601626877056,0.3343155489827936
201,10.876256944355966,0.8018604681995695
202,4.034371805026462,0.12491622549609249
203,41.65200072267083,0.3728902551690262
204,44.97646524993,0.6488199317970121
205,12.473710288413834,0.33058787739787143
206,23.649452050117244,0.8449786951931725
207,5.514350506559534,0.2944030600297214
208,12.530765310050484,0.5898281502941495
209,79.67460898945296,0.3526258096492165
210,23.00544056054391,0.10966210275875443
211,202.4237933934556,0.2784275630372318
212,9.141342512110363,0.8161614707623757
213,35.88374533313425,0.3169429184176765
214,16.518718165036795,0.34530797565888416
215,35.36836748618635,0.8885642332059525
216,19.941213900550785,0.9157559803436246
217,11.459303004563111,0.5740389639008476
218,8.434945338680995,0.11040001757950324
219,430.969248792438,0.2592105953590712
220,18.590578874516407,0.7915053732621572
221,2.673368558892962,0.37922993004323924
222,10.500253419856591,0.9282111759273302
223,39.568752445890816,0.37918227747224864
224,12.182391223914408,0.9870330716991289
225,78.29206074247874,0.6555597166917098
226,54.72924843573177,0.27875482674129026
227,17.247399253121646,0.5471947548771876
228,12.52571908406038,0.8003338486443846
229,7.353666210200965,0.24818818589472003
230,9.974516173468832,0.29523327456214155
231,4.603684335143684,0.4164151295345546
232,66.98014897487309,0.3628681470791191
233,98.56347798167842,0.9394745467314806
234,5.719388706983396,0.647165936426841
235,6.161480097878794,0.589851037881546
236,3.426324604932998,0.9467443867351563
237,7.661024865601954,0.4019614601285826
238,0.8991217717076659,0.6861992168302598
239,6.4091140225462295,0.16855004777996285
240,73.47280955888642,0.8338771992471672
241,14.215422553304267,0.32814609181207965
242,47.208985009848035,0.4781052613922724
243,12.317622199099064,0.027457083230067347
244,116.82385610270524,0.14687654362521319
245,24.51335284126848,0.8143685017104593
246,13.708248169742113,0.6757794576246121
247,257.8618626296575,0.00492668830891041
248,14.520016470305409,0.7617529041059438
249,5.922606565822303,0.6268117820180373
250,24.579432155029455,0.9479864513098263
251,19.320466248569723,0.9304457864139448
252,58.34213462536601,0.42178387835039755
253,7.991400895430715,0.11114064360786735
254,44.91253498864136,0.4195206703932861
255,47.12239994071828,0.39681680648620954
256,10.301738918913975,0.5000221267318777
257,23.647183234813674,0.24927308756644517
258,8.751700664541803,0.3262311429208977
259,209.7272912808564,0.06402678066874734
260,9.93297904622564,0.7524087286269706
261,12.767789529219842,0.2793475812924914
262,6.918243985017111,0.6808232551422854
263,14.209044874521016,0.27672830139940796
264,19.96785984741772,0.8413619416210883
265,43.284263324870636,0.2382458187674792
266,10.908184226232745,0.12060343678587404
267,16.68026095059673,0.781006581389943
268,4.872029734775718,0.2280902522021464
269,8.781065654517858,0.17456506810729044
270,316.02064959639955,0.570955193767553
271,56.897032774377095,0.06246707886314218
272,9.194228574311213,0.5585136544970946
273,5.273017389978637,0.01836571052635816
274,7.5716966418722285,0.4283937525256477
275,19.654555440620157,0.4152890026941264
276,20.795316401748988,0.08544032693986425
277,9.541392117391338,0.0820699673516172
278,5.547933595330013,0.5870443447546069
279,83.29416554543799,0.004119828194307895
280,31.553529453216125,0.7317210952609475
281,13.810538780189681,0.3685571661505237
282,16.108366448196502,0.2628257039719273
283,11.827999277121156,0.9510429621275862
284,1.0660439502090127,0.022371398725433256
285,22.548348524272644,0.6269643719971874
286,6.885760546184574,0.017866352407634678
287,7.369248259766314,0.38200259342180465
288,10.588172694279981,0.3125590859297549
289,41.77515207087835,0.0803419948728501
290,6.230578537140825,0.783189790216296
291,4.7861127156460554,0.5718592324973173
292,38.08620241375518,0.07733634594947136
293,42.707258951029054,0.9771695630814656
294,7.698814009110657,0.1107412789221145
295,35.24760829936424,0.49207843198311574
296,15.004761282746143,0.03050959749016091
297,27.147695881990103,0.4058204702043672
298,5.691875003383933,0.4915757889048268
299,46.19605705708413,0.8563074483360563
300,66.90401324948704,0.6775456581416597
301,37.98051388206928,0.35227755674227423
302,35.1048733142149,0.1843011028884718
303,0.4619608387411195,0.04521892608758249
304,26.065946980725883,0.32851250712592617
305,19.580901605453295,0.0628261890468863
306,17.33893400080223,0.17590578320438333
307,10.691211085162351,0.6507473540102657
308,21.228932140839113,0.2015505186672336
309,30.32939593638197,0.3739183782437625
310,15.428428890682797,0.007087912202419444
311,12.63759195007099,0.9126756407433325
312,68.700316825274,0.8408571199526906
313,6.650106653974953,0.09461984073558938
314,56.26964349571819,0.6845686214734392
315,23.970225685425476,0.4917866806065607
316,8.986238528175207,0.821891862823941
317,15.029547606300541,0.17874257240087899
318,8.00452012055105,0.18010430205623884
319,39.45120210390222,0.9540027078139908
320,28.44299082333797,0.20826349215076145
321,11.509857301205532,0.4349928786859921
322,6.671079566948442,0.16722467094125704
323,27.159206690001255,0.3249856908149964
324,52.320360993182526,0.3304464366587917
325,17.924413219178334,0.6077064852861721
326,30.519093400780516,0.5291297206604151
327,13.790402089787165,0.9567768271287739
328,21.489602338858422,0.8078313276553718
329,15.010006648845199,0.743448561441666
330,26.951585936120548,0.2967148090734735
331,4.4381050152127335,0.30287289556789476
332,38.251796373761906,0.4575044134154458
333,15.959711547552057,0.2933662438325476
334,28.749146149352807,0.18578393930803416
335,14.291856114193893,0.19668042099465066
336,27.670342987693456,0.3790978481892755
337,6.871876382003536,0.3362060492973602
338,65.96698650999521,0.9411001275051991
339,3.656313547510572,0.6050263087788307
340,7.10473302520378,0.8698238814806686
341,25.423299826205373,0.09861885062207187
342,86.73368094165258,0.03913203422961253
343,26.52602434387285,0.8337309600640775
344,15.675383387003702,0.43732535521817295
345,4.830306179019691,0.5506693153632958
346,16.588726457271758,0.27271504732636564
347,19.690238177722847,0.4332149820481689
348,108.91509626337563,0.13269913200316574
349,37.417002806471224,0.9916310033986956
350,4.353182231282866,0.5496507390804779
351,152.4412224574711,0.09881812361017117
352,13.531091675808321,0.8515773231687674
353,8.3356398949513,0.43007960911756615
354,87.77903160118025,0.6351972845619607
355,19.110620730606804,0.15725146523684685
356,13.909852480872148,0.3955885220804445
357,24.997754202553935,0.4979869605106759
358,46.753484156793846,0.4972525965901765
359,54.23552868305014,0.8197560944897663
360,5.077391268912802,0.4957894393921992
361,148.18796033719715,0.30249978369252195
362,51.77262776081377,0.2677551252364595
363,13.746701961363863,0.3077018565348695
364,8.858169570118417,0.4723342567591403
365,7.621609510477437,0.26429476517189865
366,22.723018409875795,0.030946489790594334
367,10.506390654787873,0.19923613832933318
368,9.347659907595293,0.5781557539306126
369,45.207111337632355,0.27053349089734435
370,28.920981750477587,0.3318294129071354
371,13.537027945441267,0.25857775295644436
372,41.856520706555244,0.0967733906118915
373,78.83670014368742,0.1803932451158643
374,6.722792960896482,0.2544807262890961
375,10.986949021965549,0.8393499896576193
376,51.55358953893651,0.22122571929055002
377,41.22070034828956,0.8283978188799815
378,25.196342785806433,0.7432996082096608
379,64.22683972337614,0.974294518618006
380,6.765175954919612,0.7535901442281856
381,4.576168913122257,0.11511305406895778
382,8.444308319180216,0.940042753149567
383,22.70406754718757,0.84209462101656
384,9.06039959875313,0.44362860166890183
385,12.339208107120236,0.4335889432333494
386,7.576110042319804,0.03095428350192686
387,10.80026699306936,0.21764153820011978
388,7.353767603504865,0.7148861153856778
389,29.00494131794347,0.11052679940667098
390,44.473391565418126,0.9917448929479346
391,12.4230554967738,0.021682473723917628
392,16.32559635280558,0.9909734607433263
393,11.234253142818767,0.29620757236084005
394,34.16669077897457,0.4608652140308759
395,21.95634225392796,0.545471452311808
396,98.90471385540862,0.2895531860961642
397,6.716236569538863,0.22049757029073724
398,28.861326027558516,0.05056919522688941
399,31.311686536916252,0.8234330044314044
400,14.007036759349393,0.9723093710442625
401,36.0005468055115,0.125557475910951
402,4.765856890287767,0.8598308385500755
403,167.13519415161267,0.7205394471173371
404,5.248569413025347,0.7502253411766355
405,50.39073156090466,0.3878054604022535
406,6.546151508804114,0.05757491001785908
407,63.490039239968155,0.6904231236078299
408,13.67030515410167,0.962126428598185
409,23.533452208292708,0.6587582466894398
410,21.18606714982048,0.2340523135811453
411,60.38459936481597,0.5367352640993169
412,14.56254104491778,0.12167514305103067
413,1.0333606831281024,0.7178785461495898
414,9.39277906912378,0.6728641938888136
415,24.13618877399832,0.44679399936959696
416,12.929762120521639,0.008664493702769449
417,43.37229405061632,0.06036607189347276
418,55.441421560411115,0.6819776863692039
419,17.32634525227007,0.6924133433279736
420,4.5283362831236245,0.575209326882013
421,80.17126108009296,0.22769122278762266
422,59.32634656137648,0.6631315871769631
423,14.891772298928368,0.10550520156020027
424,165.38703791197676,0.6276805748772624
425,14.169964379566029,0.5723179079542482
426,6.442265600584144,0.3554936366950181
427,17.18654080652279,0.21916604161578568
428,59.01748261407614,0.724582703328062
429,7.865975485239116,0.18099195501280663
430,141.34802020976892,0.15735465806728177
431,8.19458676305666,0.6327641190657303
432,52.16554796810218,0.6606245308704506
433,34.62106715908326,0.10196909823662736
434,17.217786363504963,0.26228830703560857
435,59.17700152867445,0.09859603408525375
436,4.482590926797044,0.9138314623815939
437,78.0673399506717,0.008386515104713554
438,18.84628799254736,0.35101157772023706
439,11.676342078471501,0.15682100743132144
440,42.48597612892426,0.46699487701586573
441,57.96845675755552,0.9068373573892988
442,43.371191510676915,0.7073763763166132
443,148.33953788254325,0.3601737546127023
444,59.18842955313057,0.18665369543619015
445,72.49420534716857,0.7050121337798091
446,11.70640423803839,0.5419158729876399
447,22.343239164431473,0.7202899696480967
448,35.268230833368385,0.04485528608273248
449,19.73231729163534,0.17314062416030673
450,27.157010676430954,0.31987330167994266
451,30.756604944625593,0.4665366967925877
452,46.72334429811785,0.5694460203270971
453,18.144928664251104,0.5620939947453618
454,14.156880843803814,0.5429156619294302
455,8.773048485322157,0.5661163410614428
456,8.233965009773813,0.4174756231277408
457,64.87427897419182,0.2788128488010406
458,18.457642493305794,0.5181295408812886
459,44.121375978891265,0.12186051327530956
460,5.488396594955792,0.7492713697689894
461,2.891663355698674,0.9529357238210107
462,7.035077937212679,0.05409648745004281
463,63.220395804085946,0.7823271411112287
464,58.44449145898441,0.22383289116797334
465,27.995355120261493,0.33641135493437
466,9.005449101463675,0.033538175582148444
467,17.622867675591557,0.969085796919129
468,14.913092526808796,0.562095605392616
469,14.22536521580604,0.08158143224417713
470,1.638744111307641,0.3215556345506657
471,8.51708046796437,0.9772810662190627
472,16.60810990105146,0.06004125756237322
473,91.50812716496361,0.9179061054689658
474,23.588116784323464,0.2795104489997109
475,81.52325249671908,0.0778871010990333
476,13.54873372921741,0.6246458072149826
477,15.600631882945493,0.8962364702586018
478,0.40680483474641016,0.3664157043082755
479,31.92311447861523,0.3466208986054826
480,34.71235451002635,0.2623695223720204
481,117.18560783496088,0.31124718849717736
482,12.344847742770739,0.06753173481650931
483,22.06856408265364,0.5052710782907881
484,9.919197742344918,0.34156808067745337
485,6.195002601891954,0.1661422987550203
486,9.844294347228358,0.7223702289359587
487,14.225007054205108,0.893237138614123
488,77.90094070996324,0.8071544045306774
489,20.130007305614708,0.13554653811251816
490,9.110751415226531,0.913540072609296
491,23.147292712789497,0.4088080622845276
492,24.967409528552146,0.9145871139702365
493,10.214088002156085,0.08363663611481464
494,63.00623102311767,0.9837899231995703
495,3.0393725893128845,0.09673950818429478
496,16.223411801564474,0.7454248080083349
497,39.05871651654627,0.7144129789505205
498,5.267561176188641,0.7571675360416631
499,28.825307924368616,0.24466405446134287
500,73.1778698053133,0.7479296517191851
501,31.61625111713208,0.5129011930759605
502,3.70558098315635,0.04704944116497645
503,9.696887643861915,0.09752909616287808
504,68.8756980538102,0.2802373069974956
505,27.067540570487814,0.8474489466751813
506,19.88848779382029,0.4255827659082505
507,31.224423551348686,0.27404391134657835
508,41.30770110451944,0.534901519526517
509,9.890105010276935,0.3302189673009046
510,15.023263803894016,0.30807645459596156
511,23.171281596469136,0.198202044408185
512,11.658578701037081,0.35129666943737936
513,17.57624793549128,0.16569354012449022
514,73.5431097273615,0.5741042041228148
515,7.630704205283402,0.3768382806343239
516,137.91846940264205,0.03942476007075291
517,131.54439212931015,0.2161204928134729
518,3.6203132745913957,0.47841272693509507
519,17.443678770065993,0.2780280759290419
520,28.29518275944371,0.8823342649864353
521,9.385152436679077,0.05823821478746494
522,9.572740195666166,0.647926596490149
523,15.840727340064578,0.8609854918582227
524,42.06340349986244,0.92080915554894
525,12.045199045101826,0.4842043341192257
526,124.79767321115246,0.4031034359075707
527,26.842165813287583,0.03565117932836115
528,18.127401996710866,0.4646460759129756
529,85.56357656123141,0.6499032246183618
530,37.57283046039172,0.3382219614807911
531,29.057794939534162,0.1617409675229191
532,14.423511486568811,0.4706226206098999
533,123.22175445659559,0.1623186436481444
534,45.2327593968675,0.557934362530886
535,16.388644132684956,0.4569960616228804
536,4.148724133724837,0.9948072571761711
537,29.164480329719975,0.16289550242355533
538,6.399756276850635,0.6352125796416974
539,3.6112502724448854,0.19941530350343617
540,15.193208131405322,0.4184713880953479
541,26.614897158931168,0.7474378049531065
542,72.41990797927181,0.49716008592188543
543,26.641011796105627,0.36069919696415176
544,44.97107598254655,0.8891332526566073
545,5.895075225322344,0.872129589439194
546,19.638026664206695,0.38252904965642753
547,22.741951880297997,0.09466299609774897
548,47.57208714032448,0.34286637343206705
549,22.55734364423441,0.18661772157622847
550,44.883891125787635,0.7448722496229889
551,12.131443910939714,0.6385599094133181
552,28.730374446906993,0.5051434064833209
553,30.41288603271566,0.01637450320720435
554,5.755893436637078,0.966092252357217
555,23.9397110085456,0.013467539926380168
556,14.57980676478515,0.5274495190953211
557,2.9919102152322004,0.43164437452278226
558,52.373811200456984,0.261894262177536
559,13.987181732852383,0.8899970915164611
560,8.564364587060753,0.34306050045190717
561,13.772629543937873,0.5651075335563349
562,23.062324295497778,0.1305626010816987
563,90.73194356317173,0.05243896492268241
564,17.014514892946867,0.8402254112739863
565,32.21420476217756,0.1288692065510012
566,79.32706560455946,0.13525353801469742
567,34.24534117175577,0.6568394060384296
568,58.47294434449992,0.2149016899927222
569,12.472050004009631,0.7808733016964908
570,43.42560857727456,0.07465786398989394
571,18.95417075512435,0.031181993623845328
572,58.815841829635104,0.3792793509895479
573,7.3628009780113155,0.8669603598509457
574,9.211403678628399,0.13446391670740065
575,71.43097313598392,0.00528894307627259
576,16.509170715249656,0.482085624038749
577,14.027775848625733,0.4488867952938961
578,21.705646180462946,0.4379668099585602
579,10.079488755404748,0.22985088782476315
580,76.0918656235235,0.7102817267042136
581,5.75942330090174,0.8516591013913051
582,17.2774468658289,0.45390875838839495
583,28.41601190325469,0.9259085185547542
584,18.09350313345717,0.7166897129067505
585,9.004391966946457,0.07678306717268679
586,8.428432429064351,0.9404376484705964
587,30.734765046018047,0.3928898542518362
588,7.167232163111999,0.6282655738326912
589,38.33037664479489,0.17547470710204727
590,4.374759891473998,0.521237962135635
591,11.530744504632773,0.22047611616578855
592,20.82816218970657,0.6548026427208539
593,5.742232411329468,0.3058608661892308
594,38.552111191397735,0.9968229160841414
595,19.716605248048534,0.10889262243383335
596,7.127256076931569,0.5640071146235252
597,4.397832343154438,0.1835684523857759
598,4.197170587492655,0.29544179342042076
599,21.13718782057306,0.8603612391524639
600,6.316529281122736,0.5012759150992551
601,5.130075617192683,0.08901166989892462
602,15.939081741312952,0.728612141642588
603,195.8796666162292,0.44409889748444664
604,26.510486222580056,0.08268565022201235
605,43.07396841290837,0.48455701549052577
606,24.846535995548702,0.44552787956563755
607,43.94690347899539,0.5837876609857143
608,5.2430917320402735,0.43437789128934134
609,13.059136840351407,0.6009016825939314
610,26.084749823503998,0.703839784629583
611,19.728872737158227,0.9894622450493522
612,16.576843968813073,0.5576250108393436
613,10.320414461624006,0.4406174058310032
614,15.512046215830527,0.7120464453979377
615,9.26090870477609,0.913859016724957
616,1.7827675944279786,0.023008186318389967
617,6.082960843586431,0.03606044102155548
618,32.31892393067418,0.9773233226793769
619,95.30458833004492,0.5460085556461709
620,123.17180523835819,0.05177665940135068
621,22.12596362656723,0.6603729695495729
622,49.07666285021625,0.09652767315266164
623,49.798153782892705,0.1061438025173359
624,10.051690367490139,0.4027331535371337
625,3.6768638329902363,0.6637025553890682
626,20.71560579470199,0.8201205305942049
627,3.4480160330925123,0.8538694704084296
628,14.586119933632034,0.3867791625789003
629,36.896514433545846,0.980181894577855
630,4.854618461303553,0.13946544077145073
631,20.744795250905902,0.6707136553052996
632,69.40910919483147,0.23162895302445385
633,28.832766727894683,0.7082324151484334
634,33.862956921256476,0.46933997571460373
635,49.736566836947176,0.030293157486611877
636,113.63176311962785,0.04465792525380674
637,23.369297348802757,0.2959027419707818
638,68.68294131171739,0.09741625155082811
639,18.837146229608376,0.6880756351461902
640,11.632828969772307,0.46075326388153504
641,27.51746708089375,0.6440159543835708
642,10.959286203798369,0.6666011747355162
643,11.323393242180444,0.04749685619740418
644,10.938179435349422,0.4145848959677375
645,2.022988360260404,0.6828831762988674
646,22.320364715071634,0.9031155838251314
647,5.675533917974931,0.945998687301501
648,18.042514314337563,0.3827069233677618
649,85.62427081225123,0.5763469329439368
650,11.929325267621167,0.9340188528479867
651,11.681318327695092,0.0451780741843546
652,78.56367044473251,0.9761881239205912
653,34.68494619067042,0.45478928050356293
654,53.33149714024555,0.8493482957659864
655,14.07934410246371,0.1678310855007209
656,42.4396562002637,0.9358434062985099
657,10.113097954215348,0.7744561955883273
658,10.216440887611896,0.6529291850944683
659,36.46103945129964,0.17306246094020483
660,11.041123795370124,0.43827236001354075
661,43.25524696995551,0.5856894601767181
662,219.57295261015014,0.4019494556037465
663,3.7204605450416373,0.8928702360037072
664,9.466844332861692,0.5507870637930132
665,61.56824176566218,0.08905328745015184
666,17.373079109786293,0.8753364582634418
667,64.14138900057766,0.3113074306678528
668,7.315063585145814,0.17157087496975132
669,27.975921053151353,0.6428802035330303
670,17.27816701410991,0.8079735830133148
671,23.112433578470736,0.29030450883265724
672,27.969538830008545,0.48738459181101224
673,5.9298186890749145,0.9679813977597043
674,6.861063882601524,0.44196157064482877
675,81.38931563965849,0.3730536314312227
676,26.92926764207645,0.5504218755090866
677,22.3392748399902,0.707080371802351
678,19.219497861846953,0.6432305668741429
679,28.689824093910747,0.03319615618325911
680,6.322174785492847,0.9396644130308779
681,7.396246694585799,0.4585198864431205
682,74.03280066350337,0.7042209664032754
683,23.365842222837554,0.5986618824278916
684,47.007204333463854,0.16422924797478633
685,10.960917517087932,0.9947412270301161
686,79.57702180291973,0.7871177184880243
687,28.368472500993104,0.6727244602147018
688,32.50018622275133,0.26969606209939323
689,34.76910961067101,0.19147154630332874
690,9.052045557532393,0.08964067653443397
691,3.1089316199240056,0.5576369454953913
692,6.8565015458469585,0.2111010785902797
693,102.56767836120162,0.4209138290181349
694,73.75021941399248,0.7610484327764304
695,14.197680866690549,0.6065691320009224
696,14.854809323175878,0.31751015606873556
697,56.63379417344508,0.09283990438338019
698,16.972427698199276,0.3081763314442926
699,5.478000323357228,0.19730407636980407
700,71.2035796114703,0.5452660992798924
701,32.368268574223386,0.4224035169810777
702,1.6220005341299235,0.3588024741195469
703,14.684755200440366,0.386369946178162
704,23.188818546368484,0.40799213983592153
705,32.50021897673833,0.42621410530314374
706,23.38631890755019,0.32713324219218687
707,10.636146026641331,0.7596851720495723
708,17.889983155667423,0.5291720724061698
709,26.97202770218038,0.011292205339423544
710,15.363520710631338,0.41065628498067364
711,13.847424799536864,0.22500099338655666
712,70.25166005879395,0.5954455821268306
713,7.794297017963427,0.8393793953020007
714,14.16163473359864,0.7433668784968451
715,2.6345989965793755,0.12300714599112383
716,34.50036706173902,0.5005019888828461
717,45.98266418191614,0.46551460344090934
718,34.760678945881544,0.4395869134482585
719,50.2832735225642,0.3690591042071152
720,31.209007178279716,0.6866963491790639
721,28.29019819024803,0.1216880420075267
722,32.263838984230134,0.04988983598563412
723,15.374212118382848,0.643474957224139
724,65.91248403202744,0.2005357719917038
725,14.174264129249885,0.35864124520570795
726,4.653632394894508,0.9220595617948883
727,46.98289567276898,0.1418979048018072
728,127.83019478386575,0.8497903132121951
729,7.689447087283292,0.40575356915415606
730,18.14452514688412,0.19174334189636766
731,10.120448583219,0.9848841964188106
732,13.727714558405353,0.6076639106708613
733,21.03300712780554,0.2222372353293144
734,5.801935374896742,0.7634153272861846
735,15.215982089708522,0.3705335841009443
736,4.636837745900634,0.5322583483160743
737,11.379031982814203,0.3565648301163523
738,6.134510862763904,0.16351291813548963
739,6.9652903999446485,0.8279477502797666
740,3.5969609894095855,0.7066513804477977
741,67.98958887892107,0.26059567452551824
742,33.416810599944476,0.5276875777513274
743,2.952156607179139,0.01273384832183777
744,11.058201899209461,0.8448286534336077
745,10.273434617321906,0.22233290186417032
746,10.064917595561896,0.3076880879306454
747,4.726176324105198,0.8906457420872285
748,42.70797715346398,0.19654050536992496
749,13.519542272967989,0.6763916252218681
750,32.07730945067218,0.055200868076807796
751,34.01344083471552,0.5722041101007396
752,79.47522291767544,0.7701382420842734
753,3.2711045876467124,0.5666061560680484
754,114.27434717246153,0.9946127911954954
755,71.43695224336739,0.5908292204340151
756,35.625653858226265,0.4204328293115571
757,217.80327110510268,0.29600934863095407
758,24.654972343297416,0.6335117732931369
759,45.67170301459565,0.720248514469027
760,9.59830018498504,0.4079605338349357
761,62.449448655129906,0.9505166973348648
762,23.75578238579315,0.6878178633169914
763,12.791742622589819,0.609623596881155
764,166.8239722821249,0.2896820083531164
765,14.808485120809769,0.9835513571251898
766,20.264312370126458,0.24252663375937877
767,16.48943780121181,0.49357871277556764
768,9.434083980912062,0.4596043470253519
769,34.16741460437228,0.470159940918207
770,42.03109089085794,0.3607369790707017
771,28.627635506684445,0.7128533031591178
772,1.8953845345488938,0.8149495387949676
773,55.036522121166854,0.13556934818979816
774,14.15066543478666,0.04080533744573256
775,5.951698185184076,0.4445405010581428
776,36.71850895220118,0.9995572489918279
777,35.26353475959513,0.6669710278892623
778,7.0775393489904985,0.6096962486188283
779,238.03927446849542,0.4469414584653064
780,5.991689648858792,0.7972226796656671
781,3.5501764114382737,0.0654722048033689
782,6.333345260299129,0.6174855964898012
783,83.16277591883464,0.8144856448253969
784,16.846505967156368,0.3631586432337486
785,13.845265210837509,0.4504499835023371
786,18.87507519308343,0.302695971405632
787,11.060565136081907,0.4561917835986883
788,10.07177126678114,0.6579789348703406
789,10.578086037049971,0.00037808488215040903
790,40.77036720221396,0.041926908915283834
791,55.72650495194622,0.522103428194514
792,6.992984540560472,0.19904020680777346
793,25.51401659998258,0.22297760760016605
794,44.177130304303404,0.43825042523726654
795,6.809018956235097,0.5540957444498913
796,12.151266560095218,0.7424233358066786
797,7.113083520894136,0.20005605923612735
798,5.523277626447421,0.8676414494744913
799,22.239341692568658,0.8476108169064911
800,9.62022476423122,0.5788082244206142
801,37.75542179703129,0.13094969186846472
802,19.5031906914027,0.43346470722185315
803,30.34486635840099,0.06554458151820919
804,14.995004126312015,0.9667620925789264
805,10.64406667737051,0.15315561434310698
806,18.34444611935386,0.8783070576614102
807,19.985437227821674,0.5252983293206503
808,9.915949342363682,0.31616399383900207
809,30.771700574925482,0.08015822710132214
810,42.376537828343274,0.5649183597566616
811,23.52544744644951,0.3933688149039055
812,111.44050805946247,0.1185242555058027
813,10.67240022005476,0.08110177289032827
814,33.80458412190246,0.4697900031084593
815,13.346647096357296,0.13594413622320622
816,25.396960554998866,0.26712537747267373
817,8.75872775030972,0.9807155778549794
818,61.25977186574281,0.706857655835302
819,23.951259369622704,0.7233154269444892
820,66.1711455151258,0.9764469526488561
821,5.662720458820111,0.18465131964726322
822,12.261751592283137,0.8989235452350448
823,8.227105072090525,0.08199178210613633
824,11.799511528305828,0.6778846631308025
825,10.04816773355156,0.2762055088686307
826,17.804639434292632,0.8408381234942115
827,19.742089042078696,0.9046087872513998
828,19.278975220449354,0.5252509321050917
829,11.52451063129289,0.390929990683603
830,24.22596950660904,0.3568990109578407
831,48.212363655076715,0.9405739807950295
832,8.147608381059358,0.8591425695818391
833,20.10339336614043,0.8727263610805709
834,18.6515473564817,0.6756700595486751
835,32.083909225479516,0.018656226755092375
836,18.84299855070733,0.43452939969122006
837,19.77335247004128,0.9215666809514211
838,7.455143655917856,0.09094036308382081
839,20.526235308048935,0.3629415773264685
840,7.989398782493248,0.9077140260263293
841,33.6396102175741,0.2812724146789036
842,18.1157380448874,0.7796950013480941
843,20.90228363040841,0.2909510927380283
844,8.238428691101523,0.42158654711314536
845,44.86946874027195,0.1793438981394323
846,40.13761437263316,0.881395374887217
847,47.5377403404828,0.9335821299951016
848,186.30517982784727,0.6417632681204906
849,19.05787911131437,0.8882748777483289
850,66.9136402046234,0.3695905964734534
851,17.746213932210885,0.9968391559436833
852,29.787453931147965,0.8355979991890781
853,28.943261907309235,0.7249207909542671
854,26.16942549149188,0.06839514759830434
855,38.793634679564065,0.9010790996654803
856,14.821274571735158,0.8336296992392119
857,20.924741896026077,0.34326102707971196
858,34.305635718670516,0.479542539610463
859,115.33649508417444,0.07629484090505234
860,8.650726717663748,0.2990151681785028
861,3.299818211784651,0.39594459918677793
862,12.377923325151341,0.37856819738804803
863,21.975505198081848,0.7712348178852195
864,23.926271787863477,0.8946708057849313
865,22.025872514849684,0.42069255567067254
866,65.54848662981789,0.1632834293216402
867,53.30604784701668,0.9059225568440323
868,19.119946223650203,0.14360089151590194
869,12.559192621520424,0.6082564317874811
870,14.210641972686501,0.5176997813102219
871,14.065090087676563,0.3999074118948034
872,16.029015139848347,0.1452316433762355
873,4.16763795826154,0.6116745697235921
874,12.666481548474675,0.9246687905693799
875,13.132892731420656,0.24153627334771555
876,16.628525335233284,0.9471739312881362
877,15.575512782707657,0.5231916337105056
878,39.330769112899645,0.7110547333242644
879,11.799493939123494,0.5171230054773985
880,12.954229000354022,0.16392454074524687
881,34.53380690981903,0.08172143295140422
882,15.874041313521138,0.0341518314783128
883,24.939545761785634,0.046146706503778945
884,39.225839413665796,0.4483774009965167
885,30.62968065124393,0.348147831461306
886,25.79452984624098,0.7163273542004074
887,16.503268337046197,0.4017823413895625
888,39.721559593370536,0.4880971788102698
889,23.93998183278294,0.1351219919824609
890,12.123518562399502,0.7191725322750262
891,17.27379845061221,0.30570279320503957
892,5.940959323917508,0.7636001760469519
893,7.678652114660888,0.6838974970129003
894,3.055954441238537,0.6431588814113924
895,10.176372568449354,0.013949826634577556
896,76.36659952814266,0.8164744094318808
897,11.513395228676846,0.6187362247449026
898,44.14769940577058,0.6065634991216183
899,20.01636413543788,0.8357423042047453
900,9.968709895035298,0.21022235874476625
901,76.57567864198168,0.5935538053300978
902,35.95275978632413,0.9739242737947762
903,3.484064021630261,0.8297852952045203
904,56.906080491261534,0.9198851264732312
905,6.856578146162885,0.5235952394730654
906,16.81188460744288,0.07598848116007151
907,39.17792387419096,0.662570718562839
908,14.881916816188502,0.828170233168711
909,61.49427343612188,0.286491107069643
910,43.00273681433389,0.46046314076859873
911,4.150066629907112,0.2834554985906864
912,12.522986099281407,0.1800407740494685
913,26.630940944946087,0.8527579170836737
914,11.302244323934447,0.6785274192089095
915,16.179151902038107,0.5372333894611012
916,44.69157081154974,0.8285429059526651
917,27.571463499870614,0.24596745344247495
918,7.99951540000035,0.6741593223610418
919,23.91740339223331,0.9497155310066655
920,10.888752381796323,0.8077348787893226
921,5.958433677631314,0.7014181726499726
922,6.487934038038441,0.85780057180878
923,26.761265827199974,0.33709714084570774
924,19.528721786102185,0.3593800264610033
925,20.194934559077915,0.009670767623561782
926,6.383975051249557,0.6940134352537544
927,16.71105455801445,0.8622074719117224
928,7.119463648011216,0.42015099782663
929,7.953452939892887,0.8841688071977156
930,17.028241718324594,0.8248118879328025
931,5.035987070073518,0.7671673183897753
932,39.22315520329871,0.3635199744760401
933,241.50323085214956,0.7879843022124371
934,31.77955787914869,0.6137939524426634
935,7.078746620312613,0.9530778238199777
936,15.314720435860888,0.14331702169632032
937,4.239994857620436,0.79569844889866
938,13.768503364507698,0.43896652970162486
939,33.35854413727861,0.2535470032460698
940,36.21179035386108,0.031304145377360704
941,7.158190647262995,0.928915238393157
942,27.089485224175885,0.042042740349919394
943,63.841792132945024,0.8629853619497441
944,116.17429251128098,0.38151116736556523
945,9.966257299949138,0.8952476846277406
946,8.463814748806918,0.31368622753205966
947,21.208793196867642,0.6646883762096734
948,1.074558444000244,0.36501026146019644
949,11.810228745851791,0.3350739197063488
950,15.317945210682929,0.6467234605368113
951,12.688017097974866,0.7755344911696426
952,4.121127421150254,0.14126684393627553
953,15.712379302600514,0.08444028174718854
954,9.238609431893147,0.23756514510393478
955,42.84046322622253,0.1462416499218192
956,8.016686505484719,0.2430018084393215
957,15.144764129965262,0.923389246280982
958,15.911658426012023,0.9064322062730888
959,35.430442964471204,0.6179208348347395
960,1.5747482207130588,0.906421751642991
961,14.287357626958736,0.2926542654373948
962,42.9319004259701,0.09417421251504177
963,13.989565954336998,0.36572647058803864
964,4.362577417976256,0.8796037337143668
965,27.843461760566047,0.028219850982729833
966,28.125788796905894,0.8749762434510607
967,15.325385064165161,0.4577070497132998
968,6.297824729284295,0.7444458812709381
969,9.576621370575316,0.5271386471194486
970,14.676440060154682,0.09027115145509701
971,8.368437129956481,0.7337690787184016
972,2.9441544191472295,0.12759521760008696
973,9.30650111968915,0.9450271905828918
974,18.882887063546544,0.5116771653147454
975,12.096787635771753,0.6453274593457138
976,18.62355469268112,0.014502442902499801
977,21.838139924617245,0.1372363321351926
978,49.233559782329344,0.8174061018341093
979,181.96677645300423,0.058152578981267244
980,41.75331461520333,0.04197836852663894
981,4.931639326899737,0.0866033813894046
982,1.4092463426037996,0.17433342140649977
983,18.27506991470702,0.7506097010396964
984,21.571832985541032,0.6651497350775334
985,6.284753960410391,0.7907779894274846
986,26.36486195901222,0.7618151559688505
987,9.328371098756737,0.06476367518459436
988,30.044203066816557,0.24723316102498294
989,14.504831880116235,0.9287067509377919
990,29.888165241591015,0.535447004549779
991,3.5141750582399585,0.7039873589374575
992,12.955664749590552,0.9770334597326129
993,17.312070821171755,0.9269040402931404
994,4.831346826691675,0.9268384771594633
995,131.93881049132088,0.41036931785230457
996,11.695762396969412,0.5357191245684514
997,80.63813922809307,0.06718595100724234
998,10.336258008795411,0.04772387520140997
999,15.959094335554795,0.5345060612091117
1000,65.62140324470253,0.23003956815674031
1001,27.216593570403273,0.35234564013939196
1002,24.338375669062184,0.249396612999633
1003,26.20482222384134,0.4668576439734409
1004,5.123522156631331,0.927313876759558
1005,13.605124542463235,0.23031480648401448
1006,7.717992922619444,0.08154861862327556
1007,24.469162525149137,0.9532614152491694
1008,11.658107603523455,0.6371252733733771
1009,19.21979770975934,0.3703036673975033
1010,18.59155483977467,0.5029090425676995
1011,19.368143235783997,0.09689174067052819
1012,19.39960835712549,0.31109061988224307
1013,10.460663550932821,0.03862993109318469
1014,7.000609414243079,0.15008284793256577
1015,10.336111046509462,0.4743335329733943
1016,58.64711247024879,0.0825027657576517
1017,29.199798438661674,0.323431940417758
1018,36.12392400253385,0.5921796227935341
1019,79.83547194701,0.8621714654435758
1020,6.1753716493151325,0.2285324290169911
1021,33.44667640278618,0.3628435395819428
1022,6.85464068253978,0.2772665369397054
1023,14.377541932432978,0.28633718092799254
1024,32.59763835892088,0.9601484958049613
1025,100.92173012308123,0.4330846282453017
1026,9.187419085913863,0.8094252966835653
1027,18.26896550910552,0.14976141474642413
1028,63.8308620099887,0.4613931265489727
1029,4.527599469630174,0.46757570120140723
1030,28.85008429268139,0.6223290339219107
1031,14.757063501290318,0.6727370818634266
1032,8.31702840795462,0.39234644559183274
1033,23.257573549937394,0.19828639032476658
1034,36.413000295211695,0.9447393578908352
1035,8.067956574767027,0.3704301874557362
1036,29.370470999782178,0.12494847875260773
1037,23.887850672356834,0.5417135202413597
1038,5.801907216887304,0.20689735929383501
1039,94.95592788332559,0.8007543145473153
1040,59.734077492694865,0.690716585003959
1041,8.500060253437752,0.5999315850630904
1042,11.171536027383135,0.015462253165475004
1043,43.41392463396912,0.4225528394273822
1044,12.238062261923004,0.5521624539224089
1045,3.1908310329864022,0.7638257397863354
1046,57.33332899064215,0.34091129817758703
1047,20.26269322217564,0.9356296351458572
1048,135.23664786460097,0.44644518004421874
1049,28.71636367478546,0.08618008450338566
1050,24.312545415898125,0.4359997089612143
1051,355.8468641386608,0.841130317424876
1052,16.91384731274311,0.18809454261195413
1053,7.75380922195694,0.32249030082023133
1054,25.2593902978191,0.9775362034651536
1055,62.536782461770635,0.07343387828614267
1056,6.264381471206566,0.3388898841069585
1057,8.09895378260274,0.43938107694998363
1058,31.49337160265166,0.48130949025043146
1059,0.8209070498737383,0.5484283847726763
1060,6.735023789108406,0.6850455777375591
1061,44.49977275108967,0.3909801301269801
1062,11.170318022981082,0.03448562702658664
1063,3.949215167144144,0.33871300243140423
1064,137.76738657924838,0.021252851070693524
1065,4.901125353496537,0.5008948779625525
1066,11.901143084676496,0.8691343361402004
1067,13.835925419102324,0.08420292650692729
1068,21.82692706347181,0.40675245125230786
1069,13.88063631566662,0.9130643532354686
1070,18.52340229229688,0.8303037012386367
1071,21.274189536153,0.7383083951277972
1072,18.417910192842765,0.7106253602471283
1073,22.04914533211261,0.007716893129963154
1074,1.860926184012266,0.4357568790156132
1075,31.220180535800257,0.8894748357123763
1076,4.93100737075077,0.722213407448866
1077,2.301024569559624,0.35193956112234837
1078,79.94572016809565,0.5605961701144389
1079,5.55381301061086,0.6191786269510866
1080,24.043606181194473,0.8636485207022646
1081,9.276075075997886,0.5486483665833549
1082,10.191293569058312,0.8543594735178157
1083,32.5785719003014,0.7368238841358069
1084,7.04117486731803,0.9967133542597499
1085,29.156395121728398,0.34120572973804997
1086,29.39111671813524,0.5156867293291237
1087,64.35714195247888,0.6310170784268293
1088,14.350528624953027,0.014880490799124235
1089,57.20162192776256,0.5391613509588855
1090,112.24620378263063,0.4700635774965394
1091,98.16819464242374,0.27871262016262954
1092,36.09220654280469,0.6156160365740815
1093,31.474134197564023,0.7212883667809308
1094,347.04517567077966,0.6702224609515043
1095,187.19969949820216,0.9063560989199191
1096,9.331378152403074,0.46502902835232274
1097,50.58267044343712,0.71207482647939
1098,36.67000916677998,0.17949301682389784
1099,21.590803529369325,0.6528818460808762
1100,23.413488738992143,0.1320013199130856
1101,32.71341087935688,0.7959794339880975
1102,51.28295713195752,0.8119756340564916
1103,24.997351059933425,0.13927150568257063
1104,28.213306110805803,0.9249449897368734
1105,80.81319964618241,0.4891371803253022
1106,27.597363517370372,0.9132319726907049
1107,34.64046411048193,0.8650493989147376
1108,54.06732863953338,0.35340365097167625
1109,102.84905378018264,0.7289840724025519
1110,68.51419356964593,0.8815269795011699
1111,29.289085931569765,0.9989421425924231
1112,24.725014253157806,0.25338585638618505
1113,5.908526175018171,0.7889847573427001
1114,26.89828538128352,0.3870305267206726
1115,7.119448325541311,0.06804721429514671
1116,7.213545359211675,0.28079565596480793
1117,38.49425184689958,0.15921836885703422
1118,18.16365857792549,0.7221603102501477
1119,32.20782695113018,0.5453015285744726
1120,10.72992838799787,0.15198618487119575
1121,66.76667023684732,0.6046699705749903
1122,23.191183387805307,0.16083100688499996
1123,65.87297899733869,0.5720633364213485
1124,39.387184235555246,0.34391058590336965
1125,23.69464417910068,0.758551027218112
1126,12.446912359368884,0.4935766594576658
1127,20.728458806694025,0.82389836459407
1128,45.97098724708106,0.3518427835974599
1129,40.35267688511393,0.40495595554909714
1130,6.076417816911314,0.2730414592664804
1131,56.0185033288348,0.6936933337030499
1132,16.21751868937917,0.9277455289423802
1133,45.38872476478073,0.07055492492387949
1134,9.999266482857614,0.5839165331405933
1135,38.01022823763767,0.533990797685188
1136,9.055824276481562,0.8421444094313265
1137,22.85927245304594,0.4768010433461838
1138,14.909076570347052,0.6308061600305901
1139,15.095964148164846,0.2980528470484759
1140,11.397713400850945,0.6167975802969314
1141,17.226017801056297,0.8206708950277708
1142,3.5231846469364902,0.11871381546707793
1143,48.259837518724304,0.6716771832853714
1144,52.545874449124334,0.11728287802705106
1145,12.899984723640594,0.7807944828154916
1146,5.054330366144223,0.5218234927123361
1147,10.52013174141897,0.6078733649920399
1148,51.81161384815042,0.3987660699565818
1149,37.544270125909065,0.4815193244615493
1150,14.874471763166305,0.17738849408831792
1151,49.267999855218406,0.8197374775116257
1152,7.088822470939878,0.24658349020425363
1153,10.884760252052217,0.602402721604044
1154,32.28514594806422,0.6852601295789615
1155,18.248569078473313,0.29578761141444876
1156,11.142585519085017,0.12056816725127051
1157,1.6288467832520017,0.1589524000181679
1158,39.29967835977244,0.14253692784400362
1159,27.763489033824126,0.4775274460585003
1160,3.515134086401046,0.3435826624568744
1161,36.610155921457405,0.14782516127523282
1162,19.799095230782825,0.8929596489092908
1163,26.544824042768457,0.2568564585178976
1164,51.68632328502337,0.00032938982731045563
1165,9.584173986425158,0.31503272861265375
1166,40.9996780501919,0.2577710241466822
1167,39.79949214302392,0.39603029823095426
1168,43.01357395538188,0.23662781064111227
1169,103.12643691780387,0.33806965911291986
1170,38.812208249901566,0.5563159313099336
1171,11.455182980829022,0.06738199741003348
1172,121.31426622693796,0.06826852806768946
1173,6.637181857827469,0.25486639000184386
1174,12.645183676535124,0.440738394076571
1175,7.656311106693811,0.5270221215985852
1176,18.1240393953345,0.3041220660828571
1177,59.27687615806168,0.028823595595626417
1178,73.53679967998484,0.8855259691411344
1179,31.929087104885717,0.2851204689144571
1180,10.920141590751708,0.5006365112113772
1181,11.546465835200063,0.09661369156985389
1182,10.988001045062221,0.14282200315327487
1183,52.08310845753167,0.674144414269649
1184,8.112942892605416,0.2383696178285868
1185,47.680679571437445,0.6115760388490742
1186,19.441421686419563,0.5251374414661751
1187,23.856365343828813,0.5316965211276772
1188,91.0781914155404,0.8999314905564993
1189,12.486723825698446,0.4729467923037546
1190,105.81884219494238,0.9137742546457904
1191,4.906433684007316,0.601337037535623
1192,8.804265377682817,0.7422871815690494
1193,4.143780754804225,0.47099198686833954
1194,9.518317651905376,0.6343168283964277
1195,35.9770810138545,0.899055171952793
1196,42.00249683478458,0.5899678888149416
1197,27.296958984413745,0.6976963463034942
1198,26.234936105435107,0.19395537464995483
1199,6.213181125326857,0.07859506911298808
1200,5.329024320327661,0.9528789693342643
1201,27.21831269167577,0.1831590048176971
1202,77.30873707211566,0.31339741603317517
1203,13.95538199051681,0.40758455224222634
1204,5.64878446689286,0.8170356204225626
1205,4.334990948606036,0.2966553812745578
1206,10.169044830918983,0.15718175854132255
1207,97.46992044696303,0.42746557877193647
1208,16.317864062830488,0.8251744734639861
1209,7.113942749726953,0.04403821438936417
1210,10.91927041023927,0.5336077392069584
1211,12.38461564684626,0.7040403784893301
1212,26.196175195920873,0.46651169192178255
1213,10.38106575567722,0.8725339693128583
1214,8.248739702376929,0.38123996526393433
1215,16.642888622960733,0.7069650227253274
1216,32.094039405648914,0.16876999881894972
1217,41.14258711692706,0.1363221200940159
1218,34.83184366649782,0.6340253281468564
1219,12.711448833548102,0.4300570640667857
1220,3.68740508610458,0.5399447670042812
1221,9.038415270698383,0.6166109563999285
1222,26.68446052788761,0.2812825089587394
1223,5.2928916090139895,0.4887054580679099
1224,25.857979110634762,0.8410212909767735
1225,11.134228929210472,0.09052976517293365
1226,11.221550109703122,0.5712263203951307
1227,61.528901531315526,0.8282301496129323
1228,24.996420381557215,0.020728599419055138
1229,79.06388312393356,0.7154605262672716
1230,7.851833033887584,0.20183848910978153
1231,62.22402580538424,0.3323240215928246
1232,49.853086500185604,0.003762028383704652
1233,1.0050097270644256,0.3411336886250588
1234,18.38857022598907,0.8352393480119849
1235,93.89943873408804,0.08018372845049648
1236,43.73100649003119,0.9168526312003393
1237,12.918738360006145,0.430073714233404
1238,15.914165257767307,0.49446329723577354
1239,5.457283938145532,0.2850720548514497
1240,24.687387607915866,0.9353681571941577
1241,3.3428639805654528,0.1979548000179877
1242,7.276814923857595,0.779088114302219
1243,61.50782241509904,0.5263536451042641
1244,19.676695306866616,0.31523623960649994
1245,13.965275835537254,0.678354199530724
1246,18.0670326499308,0.7929029318898597
1247,311.6541291506137,0.8786379064594365
1248,56.55355078395935,0.06204244680149684
1249,9.247549757971322,0.01846329291569415
1250,106.35151112130644,0.27151527822008914
1251,18.378932983085605,0.3290146051558642
1252,42.08607531483856,0.268201537626646
1253,11.171540830744757,0.18886498036243715
1254,7.862809707265422,0.2810747932350547
1255,44.786764533692185,0.7309972372101532
1256,9.310224926214767,0.3591437325961845
1257,9.195202535397543,0.5868761334501704
1258,49.295573951543105,0.5513206527106024
1259,6.283524004475709,0.8159823907382353
1260,4.85858866821496,0.6664365191792997
1261,34.64156966595816,0.8217835888395898
1262,2.829551943608018,0.5528004480721876
1263,9.471377380347471,0.04959588856596853
1264,13.934306431419182,0.3628516302202578
1265,5.2314736658670835,0.2757171320162537
1266,6.570628424917095,0.2081091432317813
1267,39.090244259713245,0.6499072772407023
1268,26.90879180534651,0.8284065310063533
1269,7.801285530355528,0.774408151263812
1270,34.106417601344425,0.30618250680356685
1271,91.76935707812724,0.4539412423497817
1272,5.57104244576324,0.29449926516904024
1273,21.354357022346075,0.3667382533649858
1274,144.98805323344558,0.4494271874296202
1275,37.008954210265316,0.9892179892291275
1276,45.30353768814015,0.0807245958434688
1277,16.442136350288123,0.4086942089490371
1278,9.043409350643612,0.9158339002567294
1279,63.014930783599915,0.5783962486406096
1280,38.61824928546616,0.35883278381635275
1281,19.076873974156666,0.7569791441586442
1282,12.612195909946083,0.9810748980472047
1283,3.4982917278198458,0.7500842834314583
1284,23.474300549899798,0.9112773017490774
1285,10.057184306008372,0.5641163303157528
1286,17.604344736699957,0.3009621789929061
1287,39.29021022889945,0.1349909695207382
1288,45.604331712486626,0.9426238709425301
1289,41.223190286968425,0.19433794498554402
1290,191.53380725024667,0.7954593819943464
1291,64.40031530766966,0.5938856075950704
1292,9.525018128135672,0.4067973524298958
1293,8.861340724294871,0.30707912689371597
1294,206.05656625961888,0.01625971012975136
1295,10.346764288549803,0.905795103060842
1296,19.218332812744556,0.5630147567025565
1297,114.9916006369586,0.7684094251077606
1298,111.64407111920691,0.6593803573497996
1299,19.01765904302873,0.8920545605360195
1300,25.58338408405719,0.10335279105780926
1301,3.91529507870543,0.6922226725800488
1302,8.09827680949751,0.7034163672953061
1303,13.93969979917023,0.4708703115720084
1304,19.97217051912687,0.19293678833807437
1305,14.536744158301435,0.4401484975832859
1306,23.389658531406443,0.019201809121781266
1307,179.95404520816567,0.7190655816784962
1308,31.95538978297347,0.9873602570055574
1309,27.3497445217468,0.8495758596148045
1310,20.122253780698124,0.49513072224815025
1311,16.913166391053227,0.7140137949350125
1312,68.91987515498055,0.3209231679476696
1313,7.453908824924943,0.34498977088311267
1314,17.7151547698375,0.3825811498283965
1315,6.714187124189471,0.7790306206860717
1316,21.914087654864677,0.3540549012516522
1317,22.624883088954903,0.6023335389154414
1318,50.42597947846834,0.7939547430064233
1319,66.53057529156813,0.930170529056462
1320,38.98060962159162,0.6988130765905259
1321,101.72359551323044,0.5380742287901629
1322,98.34712066274605,0.8156383974846311
1323,27.532267709227053,0.3898802637340134
1324,29.17601193645703,0.466703868599354
1325,2.8971233844407505,0.855072104669119
1326,27.667078504639388,0.05794901439269695
1327,19.983530236416303,0.8376770357916327
1328,3.7117549165818895,0.7812706747078099
1329,13.047727336698605,0.9710216571535244
1330,52.32236803707049,0.2891514404025155
1331,5.819565913678766,0.591895967727678
1332,73.18212262353647,0.89345451822829
1333,32.29134761794062,0.023087632040396433
1334,15.98437863108299,0.8232149215971336
1335,17.420936200290544,0.8156940566302805
1336,46.05918059330256,0.6506491594744802
1337,4.799951052612057,0.5782307418079303
1338,154.5877567435802,0.9569361489399159
1339,8.904711070598673,0.3953159193195218
1340,9.343834911358417,0.39106400140938313
1341,68.08576750016464,0.3636175080641577
1342,44.25871649582005,0.5037311367553354
1343,75.59511733998409,0.7047591426418165
1344,57.16724382005047,0.4393645624890987
1345,29.265107287294207,0.43313556139849363
1346,5.6047578515907,0.18824644036938365
1347,12.517905883255336,0.5495322356626902
1348,24.494273722533737,0.2132704314847419
1349,19.743363894435696,0.6221994111834637
1350,2.5785240957013036,0.9798431096582774
1351,57.07723549682931,0.4454725706671543
1352,113.42507218612398,0.15224582531746134
1353,86.84241884742018,0.9925505390734051
1354,7.258261762546796,0.3901084246828882
1355,31.0614276130869,0.49981457384277517
1356,2.3952842663711977,0.8735266251167285
1357,108.85515463787178,0.7084225926160324
1358,2.8867262951783528,0.46534040536425136
1359,30.280646020939788,0.8629472954580061
1360,64.23702055266607,0.24842154085159696
1361,73.06297430125738,0.18169199120976243
1362,28.33139389495093,0.651923093277921
1363,4.827602419263772,0.3820750931222525
1364,18.152788893590134,0.5348473085270995
1365,15.358691354497607,0.7512569954153192
1366,29.03085294326228,0.4720787491807301
1367,53.93318599087522,0.9397737143436157
1368,38.94073528620551,0.1470640238279899
1369,167.6060956594202,0.839009468232808
1370,38.90220197728538,0.7889593375296171
1371,13.615141127945119,0.11803839093591062
1372,102.5119679407626,0.5512384097996134
1373,14.665120731956137,0.7839491473676398
1374,26.6253431165836,0.4148001586779898
1375,24.065467433678894,0.48520412937097757
1376,2.027429311800716,0.7454933116990742
1377,26.491394738932943,0.8615562439028218
1378,26.827834612948287,0.3936040116900691
1379,16.285822515857017,0.8371165126505468
1380,17.439068838033197,0.8123338925916144
1381,5.559991094086213,0.11862289383549562
1382,21.812066129158847,0.66883787737108
1383,90.28086077447766,0.8237750039982709
1384,16.822721316729584,0.8370441219979493
1385,11.915907218374217,0.418155227123012
1386,10.938307802552847,0.215517092933886
1387,150.97102155821875,0.17079174236785033
1388,5.17974854223458,0.8525823145256536
1389,46.756335596664776,0.3335229218785305
1390,22.452720901887478,0.8058177831065209
1391,137.12548060498784,0.6082342675626745
1392,74.534747115222,0.21728534749511141
1393,18.387700206220472,0.4196943214423441
1394,4.299640275862034,0.8067511979610431
1395,83.90119388860938,0.8701216030791858
1396,86.31847618011764,0.35276570301709975
1397,6.653200422792893,0.7804728286613549
1398,42.31888740722858,0.057251972072462354
1399,9.018098036488817,0.5287658746478037
1400,9.242474877132958,0.13840818636192953
1401,4.017607517510239,0.962457340399843
1402,51.05508906510709,0.6983703569897102
1403,26.341046503303698,0.35449580653847235
1404,32.93380805832612,0.9613878844944881
1405,85.83912773305813,0.10019305736416162
1406,39.19795733326742,0.44917156090763044
1407,36.03759708052922,0.30856651762287013
1408,42.490217759256154,0.992431050481009
1409,6.927009259702232,0.08846497636314077
1410,19.40507957159665,0.5275967321988936
1411,6.011885613547878,0.22283463994248787
1412,8.166879496932241,0.6954710386413
1413,18.32348368242516,0.47064309770536106
1414,58.08384779143732,0.8529368108627365
1415,157.30931303888346,0.7161197579966647
1416,6.785627938878526,0.7612845045326471
1417,23.886905370897225,0.31471528677825966
1418,18.710587943069683,0.1563158899425784
1419,34.029766347762084,0.38631636260532354
1420,35.960096110619936,0.037442933220620866
1421,28.8589786900946,0.24347893410228383
1422,7.635614786414133,0.614288741112989
1423,29.804977893071552,0.20181565830515458
1424,49.024820617625785,0.03866273224085581
1425,12.020447614460341,0.5633743840641562
1426,145.2076698407805,0.7805083116248411
1427,15.880418637795692,0.18914663537270315
1428,10.656177833152869,0.9231359323043838
1429,27.01464262395189,0.3417301352785487
1430,15.524361749954323,0.5303628300639986
1431,5.118324737969015,0.6329825574551158
1432,19.566975339355036,0.5484127205641449
1433,99.05769328977476,0.5825645634268425
1434,148.78946459506162,0.10345895234261249
1435,11.392537542375203,0.500281284871763
1436,49.66371587709459,0.7498371837643266
1437,22.931911478223718,0.14147042975416402
1438,26.67926387173372,0.9287270660608982
1439,71.33386739801242,0.06344472084573127
1440,47.0905115901202,0.7799919740632275
1441,23.437104191565542,0.3869559942791564
1442,7.934780682297591,0.2936447304581302
1443,6.527468255819879,0.8495377837814116
1444,18.839992848421556,0.8209004657486247
1445,27.7604772492554,0.6070245725595422
1446,33.220657366319834,0.3812214708700651
1447,43.90241602811017,0.789604253520701
1448,53.494836156167324,0.1506858651452112
1449,1.8165213086986818,0.39997594474942755
1450,49.57270267950436,0.42127282836157953
1451,7.046649273016711,0.1590196233622463
1452,61.19518896571963,0.40324399675349765
1453,28.124591274093152,0.3676397139176698
1454,37.7339348333482,0.14338781421789504
1455,11.69398084574004,0.14827783886536527
1456,26.6463271037211,0.9655183441874771
1457,3.1042974342178073,0.06875683751095496
1458,60.05414768735883,0.12387942295922605
1459,14.427862910381817,0.9667814653040038
1460,1.5082042506916844,0.9503267058755462
1461,58.06038291060536,0.3354094710003035
1462,107.42293713660008,0.10278939819755917
1463,8.36344550215684,0.6086602595138161
1464,67.53931587968285,0.43809721754109243
1465,9.49005633532938,0.9520570334847974
1466,2.082313156087465,0.12833537225835145
1467,14.042767937615851,0.7782168086244445
1468,27.830608828405893,0.024834479728930048
1469,22.955352400441686,0.20765294904215104
1470,22.27796224041807,0.30052863043613354
1471,27.015826414086934,0.16442729367141729
1472,24.94206320620925,0.794970388649013
1473,16.18300627912481,0.17358828009253324
1474,11.00795977305152,0.4607463262096628
1475,15.397407520956005,0.12934210175776995
1476,14.130384866107724,0.7760155282463737
1477,14.836307359672256,0.6712712576705236
1478,6.666177243490424,0.04900238083062047
1479,11.674484115655892,0.17964877768950482
1480,21.80689466403796,0.6247380504008381
1481,27.369216883898304,0.4225062588809453
1482,18.839788679180764,0.3021116790014249
1483,16.71556106331114,0.6296549161407835
1484,34.27615330884598,0.8842786527319905
1485,45.35265232940299,0.4695727140117918
1486,39.649561101497405,0.22324601495370533
1487,3.490660294919911,0.533921276299165
1488,12.7380669612493,0.5961807330776893
1489,40.67666502168956,0.20957599101863555
1490,33.62928698177291,0.7321469278526037
1491,39.638885808313766,0.5423251829556114
1492,27.504551718691708,0.6567422369936493
1493,8.554549080780486,0.45306874533136
1494,68.20818227370653,0.4386872476080781
1495,5.1572893710905845,0.2101355338824341
1496,53.82606300975026,0.8916208360584593
1497,19.75931189842919,0.19735710749554491
1498,4.60593539814721,0.2493702311292828
1499,13.515554392858661,0.36354525308423635
