Species Name,Index
Acacia leiocalyx,0
Anemone trifolia,1
Anthosachne scabra,2
Anthyllis montana,3
Artemisia campestris,4
Betula nigra,5
Carex debilis,6
Cerastium alpinum,7
Chenopodium spinescens,8
Dichanthium sericeum,9
Echinochloa crus-galli,10
Enteropogon ramosus,11
Eryngium yuccifolium,12
Euphorbia amygdaloides,13
Falcaria vulgaris,14
Gentiana verna,15
Gymnadenia conopsea,16
Hedera rhombea,17
Illicium anisatum,18
Lilium pumilum,19
Lonicera alpigena,20
Mallotus paniculatus,21
Neottia cordata,22
Omalotheca supina,23
Pentanema britannica,24
Petalostigma pubescens,25
Phillyrea latifolia,26
Phleum alpinum,27
Polyscias sambucifolia,28
Quercus serrata,29
Ribes montigenum,30
Rosa sempervirens,31
Rumex sanguineus,32
Salix bebbiana,33
Salix exigua,34
Senecio triangularis,35
Sericocarpus tortifolius,36
Setaria rara,37
Setaria verticillata,38
Solenogyne bellioides,39
Sporobolus elongatus,40
Stackhousia viminea,41
Symplocos sumuntia,42
Taxus baccata,43
Tetragonia tetragonoides,44
Thalictrum petaloideum,45
Trifolium fragiferum,46
Tsuga mertensiana,47
Viburnum rafinesqueanum,48
Zanthoxylum scandens,49
