species_id,species_name,n_cells_in_range,range_size_km2,test_prevalence,num_plots_in_range,genus,family,kingdom,phylum,class,order,lifeform_description,growth_form,train_prevalence,sampling_effort,relative_prevalence,n_cells_visited_in_range,n_species_obs
0,Acacia leiocalyx,2539656,2533558.2814865606,4.9909129036767785,7153,Acacia,Fabaceae,Plantae,Tracheophyta,Magnoliopsida,Fabales,shrub or tree,tree,0.039332167592586,6.068380914580557,1.0466142386254509,154116,1613
1,Anemone trifolia,2157437,2141565.214806743,1.5315230668044724,10643,Anemone,Ranunculaceae,Plantae,Tracheophyta,Magnoliopsida,Ranunculales,perennial,herb,0.0315535182050876,46.170015625021726,0.129908070463583,996089,1294
2,Anthosachne scabra,6357364,6341132.072409431,1.4475271411338964,7461,Anthosachne,Poaceae,Plantae,Tracheophyta,Liliopsida,Poales,perennial,herb,0.3515754447302576,4.404702955501683,5.148862771986587,280023,14418
3,Anthyllis montana,4498199,4477666.904454652,0.7159153489103925,12711,Anthyllis,Fabaceae,Plantae,Tracheophyta,Magnoliopsida,Fabales,subshrub,shrub,0.1171430459484087,19.41121324334473,0.5501886835670643,873155,4804
4,Artemisia campestris,56767973,61594285.10207183,0.560231190427905,39448,Artemisia,Asteraceae,Plantae,Tracheophyta,Magnoliopsida,Asterales,perennial or subshrub,shrub,0.489689144199822,5.504730633943897,0.6426396289957771,3124924,20082
5,Betula nigra,3918883,3903191.833130661,4.173622704507513,2396,Betula,Betulaceae,Plantae,Tracheophyta,Magnoliopsida,Fagales,tree,tree,0.0682765463479485,10.982517212175,0.650569713191695,430392,2800
6,Carex debilis,6801039,6770084.697789864,2.8559602649006623,2416,Carex,Cyperaceae,Plantae,Tracheophyta,Liliopsida,Poales,perennial or rhizomatous geophyte,herb,0.0461110532657037,8.569764119864628,0.3244497137258871,582833,1891
7,Cerastium alpinum,18971711,18735550.404162847,0.9064813415923856,19857,Cerastium,Caryophyllaceae,Plantae,Tracheophyta,Magnoliopsida,Caryophyllales,subshrub,shrub,0.0207755776744471,11.092768596359074,0.0404849065425889,2104488,852
8,Chenopodium spinescens,7638141,7621392.680192107,4.316642316376677,7529,Chenopodium,Amaranthaceae,Plantae,Tracheophyta,Magnoliopsida,Caryophyllales,shrub,shrub,0.1883213455161451,3.970508007118486,2.5465504677303947,303273,7723
9,Dichanthium sericeum,9751763,9699734.066111635,5.418326693227091,7530,Dichanthium,Poaceae,Plantae,Tracheophyta,Liliopsida,Poales,annual or perennial,herb,0.1387233114905282,3.320927713276051,1.7566828985113432,323849,5689
10,Echinochloa crus-galli,55577254,55387536.649747714,0.6233914784100658,17485,Echinochloa,Poaceae,Plantae,Tracheophyta,Liliopsida,Poales,annual,herb,0.4384573499580221,2.4264638911451075,1.3333461865305414,1348562,17981
11,Enteropogon ramosus,7410429,7393668.172844544,1.6075461671316595,7527,Enteropogon,Poaceae,Plantae,Tracheophyta,Liliopsida,Poales,perennial,herb,0.0291150701212323,3.443147488492232,0.4679563554273531,255152,1194
12,Eryngium yuccifolium,4024123,4008942.268079553,2.72765421737306,2383,Eryngium,Apiaceae,Plantae,Tracheophyta,Magnoliopsida,Apiales,perennial,herb,0.1079013277105971,9.655892724949014,1.1388056052397926,388565,4425
13,Euphorbia amygdaloides,9644990,9601941.319723012,4.618639694498916,19378,Euphorbia,Euphorbiaceae,Plantae,Tracheophyta,Magnoliopsida,Malpighiales,perennial,herb,0.3946628223719809,16.717663781922013,1.0037725972871785,1612417,16185
14,Falcaria vulgaris,17055631,16997684.671183355,0.5358412160314944,18289,Falcaria,Apiaceae,Plantae,Tracheophyta,Magnoliopsida,Apiales,annual or perennial,herb,0.2446982652148797,7.972979715614156,0.7379533798779564,1359842,10035
15,Gentiana verna,9284054,9232035.271084426,1.8169187196066905,18713,Gentiana,Gentianaceae,Plantae,Tracheophyta,Magnoliopsida,Gentianales,perennial,herb,0.2931502286410846,16.32840567278045,0.7930403486158404,1515938,12022
16,Gymnadenia conopsea,34295434,34151386.123646505,1.5144819828867553,24893,Gymnadenia,Orchidaceae,Plantae,Tracheophyta,Liliopsida,Asparagales,tuberous geophyte,herb,0.9725506337648492,7.087663623093383,1.640813824568188,2430745,39884
17,Hedera rhombea,641434,629129.3223579443,20.537634408602152,930,Hedera,Araliaceae,Plantae,Tracheophyta,Magnoliopsida,Apiales,climber,herb,0.0271886961349866,8.752420358135053,1.9860707860565363,56141,1115
18,Illicium anisatum,641434,629129.3223579443,6.881720430107527,930,Illicium,Schisandraceae,Plantae,Tracheophyta,Magnoliopsida,Austrobaileyales,shrub or tree,tree,0.0121922404192765,8.752420358135053,0.890614702267505,56141,500
19,Lilium pumilum,12384735,12342097.51136889,8.0625,1600,Lilium,Liliaceae,Plantae,Tracheophyta,Liliopsida,Liliales,bulbous geophyte,herb,0.022799489584047,0.4366988877840341,1.7287922490940018,54084,935
20,Lonicera alpigena,2553017,2534419.1336849555,2.820376050140019,14998,Lonicera,Caprifoliaceae,Plantae,Tracheophyta,Magnoliopsida,Dipsacales,shrub,shrub,0.1515251639307685,45.55175308272526,0.5343335534643113,1162944,6214
21,Mallotus paniculatus,12330621,12245835.384950709,2.3655479175090983,4946,Mallotus,Euphorbiaceae,Plantae,Tracheophyta,Magnoliopsida,Malpighiales,shrub or tree,tree,0.049915032276518,0.7778197059174878,2.1342925659472423,95910,2047
22,Neottia cordata,41596348,46179511.3214982,0.7073326821381657,29689,Neottia,Orchidaceae,Plantae,Tracheophyta,Liliopsida,Asparagales,perennial,herb,0.6159276015010111,7.12421917424097,0.8523612116426488,2963415,25259
23,Omalotheca supina,28415380,28231761.405388627,1.3493058859144575,23123,Omalotheca,Asteraceae,Plantae,Tracheophyta,Magnoliopsida,Asterales,subshrub,shrub,0.2651812291192642,7.371423503750433,0.5191877468827252,2094618,10875
24,Pentanema britannica,45242209,48049493.82037174,0.9929249075414052,24876,Pentanema,Asteraceae,Plantae,Tracheophyta,Magnoliopsida,Asterales,perennial or rhizomatous geophyte,herb,0.054060394019072,4.991557772963738,0.0981715819617577,2258291,2217
25,Petalostigma pubescens,7249813,7226475.150217279,6.3579062756919695,7298,Petalostigma,Picrodendraceae,Plantae,Tracheophyta,Magnoliopsida,Malpighiales,shrub or tree,tree,0.0852237605307428,2.944227664906667,1.6373781336231734,213451,3495
26,Phillyrea latifolia,7593319,7561441.834836342,4.5322024913861645,11319,Phillyrea,Oleaceae,Plantae,Tracheophyta,Magnoliopsida,Lamiales,shrub or tree,tree,0.2050978683330695,11.752081007001022,0.942543084562173,892373,8411
27,Phleum alpinum,51145456,50855479.27982762,0.9944691169659156,36703,Phleum,Poaceae,Plantae,Tracheophyta,Liliopsida,Poales,perennial,herb,0.5359708888313957,5.365039662565526,0.8010279980786991,2743974,21980
28,Polyscias sambucifolia,2767797,2761282.7888344536,1.1740041928721174,7155,Polyscias,Araliaceae,Plantae,Tracheophyta,Magnoliopsida,Apiales,shrub or tree,tree,0.2204113222996808,7.306785866159982,4.469508546902891,202237,9039
29,Quercus serrata,4772020,4741500.887386372,7.052631578947369,950,Quercus,Fagaceae,Plantae,Tracheophyta,Magnoliopsida,Fagales,tree,tree,0.0631801898526909,1.3730663324965109,3.9543366451475057,65523,2591
30,Ribes montigenum,4033109,4018121.449315306,0.5917614509683369,13012,Ribes,Grossulariaceae,Plantae,Tracheophyta,Magnoliopsida,Saxifragales,shrub,shrub,0.0427947638716605,7.9959901901981825,0.5442079835776326,322487,1755
31,Rosa sempervirens,5537679,5509212.737877276,3.484862343364127,10933,Rosa,Rosaceae,Plantae,Tracheophyta,Magnoliopsida,Rosales,liana,shrub,0.1280672933640805,15.744050892079516,0.6023937466665902,871855,5252
32,Rumex sanguineus,9503062,9439388.352935616,0.6180932758943622,21356,Rumex,Polygonaceae,Plantae,Tracheophyta,Magnoliopsida,Caryophyllales,perennial,herb,0.8183187924610014,21.82602828435719,1.6179710058284371,2074141,33559
33,Salix bebbiana,27774933,27565083.76584148,0.5370569280343717,15827,Salix,Salicaceae,Plantae,Tracheophyta,Magnoliopsida,Malpighiales,shrub or tree,tree,0.1616934924404451,4.433771271383445,0.5384591023624477,1231477,6631
34,Salix exigua,7311788,7285959.074767941,0.9549071618037136,13195,Salix,Salicaceae,Plantae,Tracheophyta,Magnoliopsida,Malpighiales,shrub or tree,tree,0.0908078066427715,6.187816167536586,0.8230925647599683,452440,3724
35,Senecio triangularis,7834727,7787519.599794757,2.354963472281908,11635,Senecio,Asteraceae,Plantae,Tracheophyta,Magnoliopsida,Asterales,,unknown,0.0998300645530361,4.3476945654902845,1.201890614449696,340630,4094
36,Sericocarpus tortifolius,892370,885388.5326333188,11.55875299760192,2085,Sericocarpus,Asteraceae,Plantae,Tracheophyta,Magnoliopsida,Asterales,,unknown,0.0188004347265243,13.057588220132905,0.661677623109799,116522,771
37,Setaria rara,6424967,6410047.87859565,1.0278196519117444,7297,Setaria,Poaceae,Plantae,Tracheophyta,Liliopsida,Poales,annual,herb,0.0136065403079125,3.294211472214566,0.2636403152344414,211652,558
38,Setaria verticillata,60668628,60514100.91090272,0.2791712104689204,22925,Setaria,Poaceae,Plantae,Tracheophyta,Liliopsida,Poales,annual,herb,0.1724714329710856,2.525842516168324,0.4615653676534886,1532394,7073
39,Solenogyne bellioides,3754337,3744904.1973718856,1.1374407582938388,7385,Solenogyne,Asteraceae,Plantae,Tracheophyta,Magnoliopsida,Asterales,,unknown,0.0362353385260898,6.545416674102511,0.6047115412005518,245737,1486
40,Sporobolus elongatus,5020939,5004765.664299498,1.1139444369883238,7451,Sporobolus,Poaceae,Plantae,Tracheophyta,Liliopsida,Poales,perennial,herb,0.0249697083786783,4.68701173226761,0.4351299440790032,235332,1024
41,Stackhousia viminea,7708243,7689894.799815419,0.7969185814849249,7529,Stackhousia,Celastraceae,Plantae,Tracheophyta,Magnoliopsida,Celastrales,perennial or shrub,shrub,0.0588397522634284,4.120342340011854,0.7597463523988841,317606,2413
42,Symplocos sumuntia,6072930,6036357.600921097,8.820403825717323,941,Symplocos,Symplocaceae,Plantae,Tracheophyta,Magnoliopsida,Ericales,shrub or tree,tree,0.0172154434720184,1.1724159507848764,0.9915730337078652,71200,706
43,Taxus baccata,14998731,14920441.597493164,0.639386189258312,22678,Taxus,Taxaceae,Plantae,Tracheophyta,Pinopsida,Pinales,tree,tree,0.7102467733845342,15.426231725870675,1.2588714630301865,2313739,29127
44,Tetragonia tetragonoides,11715511,11664637.113413077,1.2176380186783309,8459,Tetragonia,Aizoaceae,Plantae,Tracheophyta,Magnoliopsida,Caryophyllales,annual or perennial,herb,0.0734948252473988,3.3989810602371504,0.7568908711025394,398208,3014
45,Thalictrum petaloideum,19432479,19371123.111758564,4.150943396226415,2915,Thalictrum,Ranunculaceae,Plantae,Tracheophyta,Magnoliopsida,Ranunculales,perennial,herb,0.0147038419456474,0.5717592696227795,0.5427200806429838,111107,603
46,Trifolium fragiferum,34976523,34858401.65554198,0.5582105136339905,24901,Trifolium,Fabaceae,Plantae,Tracheophyta,Magnoliopsida,Fabales,perennial,herb,0.3160716406293244,6.881861870603891,0.5385046172969578,2407036,12962
47,Tsuga mertensiana,4196796,4162249.3965072967,1.2643454580820852,5141,Tsuga,Pinaceae,Plantae,Tracheophyta,Pinopsida,Pinales,tree,tree,0.077957185240854,5.263253205540607,1.447339828329289,220888,3197
48,Viburnum rafinesqueanum,7243851,7222011.156195903,3.209302325581396,2150,Viburnum,Viburnaceae,Plantae,Tracheophyta,Magnoliopsida,Dipsacales,shrub,shrub,0.0338456594039116,7.180710922960729,0.2668409720086127,520160,1388
49,Zanthoxylum scandens,4669918,4645202.105799482,18.0,700,Zanthoxylum,Rutaceae,Plantae,Tracheophyta,Magnoliopsida,Sapindales,scrambling shrub,shrub,0.0160449883917678,0.4907152545290945,2.871356257636586,22916,658
